emotion,correlation
JO,0.424859392
RE,0.110288218
CO,0.544762118
DI,0.566612295
SA,0.180086367
FE,0.188234865
AN,0.401329435
