emotion,correlation
AM,0.032345022
JO,0.170070767
RE,0.036860206
CO,0.422109492
DI,0.560868217
SA,-0.043514374
FE,0.389636715
AN,0.617669404
