Emotion,Correlation
amusement,0.032345022
joy,0.170070767
relief,0.036860206
contentment,0.422109492
disappointment,0.560868217
sadness,-0.043514374
fear,0.389636715
anger,0.617669404
